Item,Descrição,Critério de Aprovação
CHK001,Soluta adipisci odit aut.,Dentro dos parâmetros
CHK002,Asperiores perspiciatis numquam quibusdam atque.,Sinal estável
CHK003,Veniam dolores magnam porro voluptate occaecati repudiandae.,Dentro dos parâmetros
CHK004,At fuga aspernatur exercitationem odio fugit porro officiis.,Sem danos visíveis
CHK005,Dolor inventore facere debitis eligendi.,Sinal estável
CHK006,Ratione cupiditate eveniet laboriosam autem omnis.,Sem danos visíveis
CHK007,Similique consequuntur alias porro.,Dentro dos parâmetros
CHK008,Autem suscipit placeat expedita quisquam aut.,Funcionamento normal
CHK009,Pariatur esse deserunt temporibus dolores sequi.,Sinal estável
CHK010,Odit vel dolorem sapiente eaque quam voluptates sunt.,Sem danos visíveis
CHK011,Repellendus velit asperiores ratione rerum.,Funcionamento normal
CHK012,Voluptatibus ad quos aliquid saepe explicabo perspiciatis.,Funcionamento normal
CHK013,Dolorem eaque laborum placeat perspiciatis veniam veniam.,Sem danos visíveis
CHK014,Voluptates veritatis sint vitae ea nobis facilis.,Dentro dos parâmetros
CHK015,Porro assumenda quod dolorem.,Dentro dos parâmetros
CHK016,Vel tempora voluptate odio.,Funcionamento normal
CHK017,Vero qui fuga recusandae ipsa.,Sem danos visíveis
CHK018,Voluptatibus consequuntur nihil quasi repudiandae ducimus rem.,Dentro dos parâmetros
CHK019,Rem exercitationem deserunt sapiente nulla fugit.,Sem danos visíveis
CHK020,Iure in esse debitis.,Dentro dos parâmetros
CHK021,Dicta numquam minus nostrum beatae possimus.,Sem danos visíveis
CHK022,Amet voluptatibus at.,Sem danos visíveis
CHK023,Optio fugiat voluptatum ab similique alias.,Funcionamento normal
CHK024,Necessitatibus quam eaque saepe pariatur exercitationem.,Funcionamento normal
CHK025,Earum repellendus unde ex mollitia.,Sinal estável
CHK026,Nisi animi cupiditate nulla labore asperiores optio.,Dentro dos parâmetros
CHK027,Dolore dolor qui tenetur.,Sinal estável
CHK028,Amet cumque fugit dicta eligendi in.,Dentro dos parâmetros
CHK029,Esse nobis fugiat.,Sinal estável
CHK030,Facere occaecati quis nesciunt in praesentium.,Sem danos visíveis
CHK031,Eveniet reiciendis quae nostrum dicta numquam.,Sem danos visíveis
CHK032,Cumque molestiae distinctio tenetur quos.,Dentro dos parâmetros
CHK033,Quia non molestias nulla fuga similique.,Sem danos visíveis
CHK034,Consectetur ut odio similique unde nam.,Sinal estável
CHK035,Deleniti facilis blanditiis voluptate necessitatibus rerum quas.,Funcionamento normal
CHK036,Numquam corporis doloribus aut corrupti.,Sinal estável
CHK037,Necessitatibus laudantium alias accusamus.,Funcionamento normal
CHK038,Iure expedita ipsa repudiandae occaecati quia hic.,Funcionamento normal
CHK039,Tenetur placeat vel libero vero.,Sinal estável
CHK040,Laboriosam tempore hic asperiores ipsa quis.,Sinal estável
CHK041,Veritatis distinctio qui maiores.,Sinal estável
CHK042,Id voluptate perspiciatis atque excepturi quisquam natus perspiciatis.,Funcionamento normal
CHK043,Libero aliquam fugit eius maiores ipsa assumenda deleniti.,Sem danos visíveis
CHK044,Sit quae modi explicabo.,Dentro dos parâmetros
CHK045,Placeat adipisci saepe dolores reprehenderit soluta.,Sem danos visíveis
CHK046,Aspernatur eos deserunt voluptatum rerum ducimus consequuntur.,Funcionamento normal
CHK047,Harum error vero libero in.,Sem danos visíveis
CHK048,Alias neque similique distinctio natus magnam illum.,Funcionamento normal
CHK049,Maxime sapiente a adipisci ducimus odio eaque.,Sinal estável
CHK050,Facere expedita consequuntur sit consectetur autem aspernatur.,Sem danos visíveis
CHK051,Laudantium iste quod occaecati adipisci corrupti error.,Funcionamento normal
CHK052,Ea delectus eum laborum dolorum non veniam.,Funcionamento normal
CHK053,Ipsam perferendis quia labore temporibus.,Funcionamento normal
CHK054,Mollitia beatae explicabo tenetur.,Dentro dos parâmetros
CHK055,Officiis corporis suscipit.,Sinal estável
CHK056,Praesentium labore cum.,Funcionamento normal
CHK057,Distinctio deserunt accusantium unde atque consequatur laudantium consequuntur.,Sinal estável
CHK058,Suscipit placeat praesentium esse mollitia excepturi a.,Dentro dos parâmetros
CHK059,Necessitatibus tempora assumenda maiores nisi in corporis.,Funcionamento normal
CHK060,Mollitia possimus exercitationem dolorum tempora.,Sinal estável
CHK061,Temporibus magnam quidem velit quaerat.,Funcionamento normal
CHK062,Sed itaque et sit quia ipsa molestias animi.,Dentro dos parâmetros
CHK063,Deserunt fugiat odio alias.,Dentro dos parâmetros
CHK064,Ab illo rerum eos reprehenderit quis.,Dentro dos parâmetros
CHK065,Occaecati repellendus laudantium dolores in suscipit minus.,Dentro dos parâmetros
CHK066,Sunt quidem facilis ex vel eos assumenda quae.,Sem danos visíveis
CHK067,Excepturi deserunt similique nemo rerum.,Funcionamento normal
CHK068,Sequi dolor dignissimos dolor atque quae debitis.,Sem danos visíveis
CHK069,Iusto animi sit rem eum quasi doloremque.,Dentro dos parâmetros
CHK070,Voluptas sapiente ipsam fugiat.,Sinal estável
CHK071,Perferendis delectus necessitatibus.,Sem danos visíveis
CHK072,Perspiciatis facere porro necessitatibus eligendi.,Sinal estável
CHK073,Nesciunt eveniet maiores vel.,Sinal estável
CHK074,In eius enim aperiam culpa.,Sinal estável
CHK075,Quam consequuntur a nesciunt repellendus temporibus dicta.,Sinal estável
CHK076,Quis iusto occaecati officiis sint.,Sinal estável
CHK077,Accusantium perspiciatis repellendus quo unde modi.,Dentro dos parâmetros
CHK078,Minima illo delectus occaecati.,Funcionamento normal
CHK079,Cum at quasi accusantium.,Sinal estável
CHK080,Quaerat debitis dolores non sit.,Sem danos visíveis
CHK081,Dicta in voluptatum illo eos.,Dentro dos parâmetros
CHK082,Temporibus cum voluptatibus vero eius repudiandae fugiat.,Sinal estável
CHK083,Itaque consectetur recusandae.,Funcionamento normal
CHK084,Quae velit nulla quidem illo.,Dentro dos parâmetros
CHK085,Ut possimus enim pariatur.,Funcionamento normal
CHK086,Doloribus laboriosam magnam veniam nulla nobis.,Funcionamento normal
CHK087,Reiciendis mollitia accusantium iure quam minima.,Sem danos visíveis
CHK088,Qui neque iste.,Sem danos visíveis
CHK089,Nemo qui commodi dignissimos nisi amet commodi.,Sem danos visíveis
CHK090,Repudiandae totam pariatur.,Dentro dos parâmetros
CHK091,Dolores eum nam impedit veniam alias cupiditate.,Dentro dos parâmetros
CHK092,Perspiciatis repellat asperiores dolor.,Sinal estável
CHK093,Excepturi accusantium magnam eum delectus perspiciatis.,Dentro dos parâmetros
CHK094,Voluptas omnis perspiciatis praesentium inventore consectetur.,Dentro dos parâmetros
CHK095,Fugiat similique ut sint fugit id.,Funcionamento normal
CHK096,Eum eos nisi eum quidem.,Dentro dos parâmetros
CHK097,Maiores voluptates et iusto dignissimos quia.,Sem danos visíveis
CHK098,Quam ullam nam ipsum nisi facere.,Dentro dos parâmetros
CHK099,Eveniet cum esse ab mollitia.,Funcionamento normal
CHK100,Expedita voluptate asperiores laudantium cupiditate saepe.,Sinal estável